Wall time,Step,Value
1711562631.145027,1,0.8888135552406311
1711563083.8381965,2,0.8928813338279724
1711563536.9580045,3,0.8925423622131348
1711563988.2665172,4,0.8972881436347961
1711564441.6500993,5,0.9020339250564575
1711564893.6867273,6,0.9091525673866272
1711565344.58573,7,0.8888135552406311
1711565795.8464932,8,0.8972881436347961
1711566247.0109715,9,0.9115254282951355
1711566695.7668524,10,0.9142372608184814
1711567144.349753,11,0.9206779599189758
1711567592.781698,12,0.9271186590194702
1711568040.3185074,13,0.9301694631576538
1711568487.9544606,14,0.9281355738639832
1711568937.3768003,15,0.9322034120559692
1711569384.6336591,16,0.9277966022491455
1711569829.581913,17,0.9328813552856445
1711570277.167087,18,0.9291525483131409
1711570724.2365017,19,0.9298304915428162
1711571168.9674792,20,0.9318643808364868
1711571615.4844484,21,0.9332203269004822
1711572060.7406774,22,0.9325423836708069
1711572503.9281025,23,0.9325423836708069
1711572947.9599159,24,0.9325423836708069
1711573392.974381,25,0.9322034120559692
1711573835.5276175,26,0.9335592985153198
1711574279.0589008,27,0.9335592985153198
1711574721.5438926,28,0.9328813552856445
1711575164.9632099,29,0.9332203269004822
1711575607.5662951,30,0.9322034120559692
1711576050.9187493,31,0.9325423836708069
1711576491.924582,32,0.9325423836708069
1711576933.9433799,33,0.9322034120559692
1711577377.0510175,34,0.9322034120559692
1711577820.6895354,35,0.9322034120559692
1711578262.5219347,36,0.9322034120559692
1711579101.7519755,37,0.9318643808364868
1711580012.4851482,38,0.9318643808364868
1711580927.0261557,39,0.9328813552856445
1711581839.637121,40,0.9325423836708069
