Wall time,Step,Value
1711649315.0492992,1,0.86067795753479
1711649772.807083,2,0.8993220329284668
1711650239.3612108,3,0.8955932259559631
1711650708.48872,4,0.9111864566802979
1711651168.597245,5,0.9091525673866272
1711651621.169267,6,0.9044067859649658
1711652076.2579448,7,0.8935593366622925
1711652529.1440415,8,0.9098305106163025
1711652984.5131931,9,0.9061017036437988
1711653439.6982598,10,0.8999999761581421
1711653895.5071938,11,0.9261016845703125
1711654348.1641283,12,0.9294915199279785
1711654802.5295608,13,0.9294915199279785
1711655255.7342935,14,0.9305084943771362
1711655711.574011,15,0.9308474659919739
1711656163.1063404,16,0.9342373013496399
1711656617.78125,17,0.9335592985153198
1711657072.0017223,18,0.9325423836708069
1711657524.385764,19,0.9318643808364868
1711657975.8321252,20,0.9325423836708069
1711658425.564056,21,0.9322034120559692
1711658874.218664,22,0.9308474659919739
1711659325.0311823,23,0.9318643808364868
1711659772.8788426,24,0.9315254092216492
1711660226.418099,25,0.9315254092216492
1711660676.0982502,26,0.9308474659919739
1711661123.7215972,27,0.9281355738639832
1711661574.8655593,28,0.9298304915428162
1711662024.1453226,29,0.9298304915428162
1711662472.0479705,30,0.9311864376068115
1711662918.1102216,31,0.9311864376068115
1711663367.5870726,32,0.9311864376068115
1711663814.7053528,33,0.9308474659919739
1711664262.1374772,34,0.9308474659919739
1711664711.4907393,35,0.9305084943771362
1711665158.414173,36,0.9305084943771362
1711665605.4380682,37,0.9305084943771362
1711666055.562482,38,0.9305084943771362
1711666503.1359618,39,0.9301694631576538
1711666951.966725,40,0.9301694631576538
