Wall time,Step,Value
1711403570.3950307,1,0.8986440896987915
1711404573.2133474,2,0.8867796659469604
1711405570.3405645,3,0.9128813743591309
1711406565.4858954,4,0.9047457575798035
1711407562.214254,5,0.9013559222221375
1711408417.788218,6,0.9098305106163025
1711409225.2028754,7,0.9030508399009705
1711409727.0648172,8,0.9111864566802979
1711410191.8700993,9,0.8871186375617981
1711410655.5781488,10,0.9091525673866272
1711411120.1833262,11,0.9230508208274841
1711411584.5037396,12,0.9271186590194702
1711412047.802648,13,0.9288135766983032
1711412509.2800415,14,0.9277966022491455
1711412970.4681017,15,0.9325423836708069
1711413432.4184825,16,0.9345762729644775
1711413893.605612,17,0.9301694631576538
1711414355.567395,18,0.9311864376068115
1711414814.1191268,19,0.9369491338729858
1711415276.8838,20,0.9345762729644775
1711415737.0546129,21,0.9345762729644775
1711416195.7664783,22,0.9332203269004822
1711416654.9835196,23,0.9349152445793152
1711417114.7066646,24,0.9332203269004822
1711417573.9545565,25,0.9342373013496399
1711418030.4905543,26,0.9325423836708069
1711418488.8660765,27,0.9322034120559692
1711418945.770293,28,0.9325423836708069
1711419402.7902942,29,0.9325423836708069
1711419860.1859777,30,0.9325423836708069
1711420319.1792183,31,0.9322034120559692
1711420778.4780464,32,0.9318643808364868
1711421237.011254,33,0.9315254092216492
1711421694.5470037,34,0.9318643808364868
1711422150.310002,35,0.9318643808364868
1711422608.7385476,36,0.9318643808364868
1711423068.5963037,37,0.9322034120559692
1711423528.140625,38,0.9322034120559692
1711423989.4408746,39,0.9322034120559692
1711424450.5906427,40,0.9318643808364868
