Wall time,Step,Value
1711579297.620897,1,0.8759322166442871
1711580222.7383554,2,0.9216949343681335
1711581145.4056993,3,0.8823728561401367
1711581991.603787,4,0.9010169506072998
1711582745.89032,5,0.8922033905982971
1711583264.2843645,6,0.8979660868644714
1711583705.9452221,7,0.9047457575798035
1711584150.011156,8,0.9166101813316345
1711584590.1891139,9,0.9081355929374695
1711585031.0422525,10,0.9088135361671448
1711585471.4041295,11,0.9261016845703125
1711585911.7356296,12,0.9274576306343079
1711586353.8870883,13,0.9291525483131409
1711586791.5885544,14,0.9301694631576538
1711587230.8899646,15,0.9315254092216492
1711587671.6556256,16,0.9301694631576538
1711588112.7814736,17,0.9325423836708069
1711588554.2475166,18,0.9308474659919739
1711588995.8497303,19,0.9301694631576538
1711589436.5221646,20,0.9298304915428162
1711589878.730057,21,0.9308474659919739
1711590320.0344121,22,0.9311864376068115
1711590761.3024895,23,0.9322034120559692
1711591201.7252307,24,0.9315254092216492
1711591640.2279353,25,0.9318643808364868
1711592081.0480683,26,0.9325423836708069
1711592521.342989,27,0.9315254092216492
1711592960.0922937,28,0.9325423836708069
1711593400.0705454,29,0.9325423836708069
1711593838.8483477,30,0.9315254092216492
1711594280.2382648,31,0.9322034120559692
1711594721.5322516,32,0.9315254092216492
1711595163.390763,33,0.9318643808364868
1711595603.3369703,34,0.9328813552856445
1711596043.1642501,35,0.9328813552856445
1711596481.3168716,36,0.9325423836708069
1711596920.6904745,37,0.9325423836708069
1711597362.6146116,38,0.9332203269004822
1711597803.130367,39,0.9328813552856445
1711598242.7742636,40,0.9328813552856445
