Wall time,Step,Value
1711386837.3633318,1,0.8955932259559631
1711387310.425784,2,0.8918644189834595
1711387783.604289,3,0.9094915390014648
1711388256.1862574,4,0.9125423431396484
1711388729.0208583,5,0.8983050584793091
1711389203.1264937,6,0.8986440896987915
1711389673.5516927,7,0.9122033715248108
1711390146.6586688,8,0.9040678143501282
1711390617.6600978,9,0.9145762920379639
1711391093.240847,10,0.9145762920379639
1711391566.624931,11,0.9288135766983032
1711392038.556831,12,0.9318643808364868
1711392511.1217492,13,0.9345762729644775
1711392983.4111738,14,0.9359322190284729
1711393457.4098094,15,0.9355932474136353
1711393927.461374,16,0.9366101622581482
1711394396.5082958,17,0.9328813552856445
1711394865.651169,18,0.9308474659919739
1711395333.4092736,19,0.9338983297348022
1711395800.4976962,20,0.9345762729644775
1711396269.5342877,21,0.9359322190284729
1711396737.2286348,22,0.9359322190284729
1711397202.7846406,23,0.9369491338729858
1711397669.441259,24,0.9342373013496399
1711398134.6025572,25,0.9342373013496399
1711398602.113288,26,0.9359322190284729
1711399066.2927182,27,0.9372881650924683
1711399532.2169297,28,0.9372881650924683
1711399995.3817177,29,0.9366101622581482
1711400458.3705475,30,0.9369491338729858
1711400924.0504963,31,0.9369491338729858
1711401389.6507645,32,0.9369491338729858
1711401855.3599417,33,0.9372881650924683
1711402319.9176252,34,0.9372881650924683
1711403101.591224,35,0.9372881650924683
1711404101.1651504,36,0.9366101622581482
1711405102.4317596,37,0.9366101622581482
1711406097.3162072,38,0.9369491338729858
1711407094.6464033,39,0.9376271367073059
1711408087.1221483,40,0.9366101622581482
