Wall time,Step,Value
1708285929.186026,1,0.8915254473686218
1708286210.7063715,2,0.8759322166442871
1708286497.2558308,3,0.8711864352226257
1708286786.3579977,4,0.8806779384613037
1708287077.5905936,5,0.8996610045433044
1708287369.5758064,6,0.8210169672966003
1708287664.3455858,7,0.8691525459289551
1708287960.6944675,8,0.8901695013046265
1708288254.425814,9,0.8935593366622925
1708288547.7021377,10,0.8850847482681274
1708288841.7242117,11,0.9227118492126465
1708289137.3084538,12,0.9240677952766418
1708289431.4740887,13,0.9261016845703125
1708289725.0782845,14,0.9288135766983032
1708290021.7065156,15,0.9271186590194702
1708290316.8588486,16,0.9288135766983032
1708290613.6152382,17,0.9274576306343079
1708290908.9985971,18,0.9298304915428162
1708291206.4441972,19,0.9250847697257996
1708291502.6757286,20,0.9294915199279785
1708291799.437498,21,0.9294915199279785
1708292096.6979866,22,0.9294915199279785
1708292392.6898801,23,0.9301694631576538
1708292690.1704865,24,0.9298304915428162
1708292986.9551654,25,0.9298304915428162
1708293284.6741123,26,0.9298304915428162
1708293581.7665796,27,0.9305084943771362
1708293877.2487316,28,0.9277966022491455
1708294173.0385382,29,0.9298304915428162
1708294469.4386683,30,0.9305084943771362
1708294983.6976657,31,0.9305084943771362
1708295621.6744788,32,0.9301694631576538
1708296261.398425,33,0.9294915199279785
1708296896.003281,34,0.9298304915428162
1708297533.2409244,35,0.9294915199279785
1708298170.212254,36,0.9288135766983032
1708298812.383546,37,0.9294915199279785
1708299453.0585387,38,0.9291525483131409
1708300091.3273373,39,0.9291525483131409
1708300728.8668063,40,0.9291525483131409
