Wall time,Step,Value
1708627526.3135905,1,0.8647457361221313
1708627826.15649,2,0.8979660868644714
1708628128.0428598,3,0.8501694798469543
1708628428.7927694,4,0.8759322166442871
1708628729.48632,5,0.8386440873146057
1708629030.6420426,6,0.7979661226272583
1708629331.2133317,7,0.8972881436347961
1708629631.4467854,8,0.9016948938369751
1708629931.9066067,9,0.8938983082771301
1708630232.7927055,10,0.8952542543411255
1708630532.9356582,11,0.9155932068824768
1708630832.7952,12,0.9169491529464722
1708631132.9482276,13,0.9149152636528015
1708631433.370991,14,0.9183050990104675
1708631733.2382283,15,0.9179661273956299
1708632033.8728106,16,0.9227118492126465
1708632334.0351331,17,0.9203389883041382
1708632634.5463316,18,0.9216949343681335
1708632935.0698352,19,0.9183050990104675
1708633235.5265982,20,0.9216949343681335
1708633535.4698381,21,0.9233898520469666
1708633835.3206675,22,0.9230508208274841
1708634134.7078638,23,0.9237288236618042
1708634433.6402388,24,0.9233898520469666
1708634732.7326257,25,0.9227118492126465
1708635031.132219,26,0.9233898520469666
1708635329.3997154,27,0.9240677952766418
1708635628.0622182,28,0.9240677952766418
1708635926.2966793,29,0.9223728775978088
1708636225.3914685,30,0.9233898520469666
1708636524.8837843,31,0.9230508208274841
1708636823.513511,32,0.9237288236618042
1708637121.9652827,33,0.9230508208274841
1708637420.838012,34,0.9230508208274841
1708637720.9909961,35,0.9233898520469666
1708638021.5466328,36,0.9240677952766418
1708638319.5305614,37,0.9237288236618042
1708638617.974771,38,0.9240677952766418
1708638916.685793,39,0.9240677952766418
1708639215.5470366,40,0.9240677952766418
