Wall time,Step,Value
1708035443.7762692,1,0.8945762515068054
1708036159.8489954,2,0.8711864352226257
1708036876.3940198,3,0.8979660868644714
1708037595.0775676,4,0.8810169696807861
1708038309.8893967,5,0.9098305106163025
1708039023.0834796,6,0.8894914984703064
1708039735.8748178,7,0.9071186184883118
1708040447.0984344,8,0.8993220329284668
1708041156.9397113,9,0.9118643999099731
1708041864.207808,10,0.9122033715248108
1708042573.5883362,11,0.9291525483131409
1708043281.9733696,12,0.9288135766983032
1708043840.70909,13,0.9277966022491455
1708044401.2267692,14,0.9261016845703125
1708044800.126998,15,0.9281355738639832
1708045122.0824218,16,0.9284746050834656
1708045441.3107438,17,0.9281355738639832
1708045761.094914,18,0.9311864376068115
1708046078.5427668,19,0.9267796874046326
1708046398.7026293,20,0.9325423836708069
1708046715.2395573,21,0.9294915199279785
1708047031.6502483,22,0.9322034120559692
1708047350.1192021,23,0.9328813552856445
1708047666.7463033,24,0.9318643808364868
1708047982.8520525,25,0.9325423836708069
1708048301.8391578,26,0.9328813552856445
1708048618.7723713,27,0.9325423836708069
1708048937.6056125,28,0.9318643808364868
1708049253.5502338,29,0.9335592985153198
1708049575.2322304,30,0.9338983297348022
1708049932.1339977,31,0.9338983297348022
1708050254.2619634,32,0.9332203269004822
1708050574.417973,33,0.9332203269004822
1708050893.9413824,34,0.9332203269004822
1708051212.5334716,35,0.9328813552856445
1708051532.0689666,36,0.9335592985153198
1708051848.9517674,37,0.9325423836708069
1708052167.8896656,38,0.9322034120559692
1708052487.491422,39,0.9322034120559692
1708052960.570694,40,0.9315254092216492
