Wall time,Step,Value
1708208133.6065836,1,0.9081355929374695
1708208803.8713944,2,0.9081355929374695
1708209477.5818582,3,0.9189830422401428
1708210150.6556616,4,0.9183050990104675
1708210824.9698668,5,0.9098305106163025
1708211500.118976,6,0.9094915390014648
1708212170.9265409,7,0.8979660868644714
1708212849.9612842,8,0.9135593175888062
1708213517.554894,9,0.8928813338279724
1708214186.0120893,10,0.9233898520469666
1708214811.7179196,11,0.9250847697257996
1708215325.0372226,12,0.9267796874046326
1708215823.7201195,13,0.9294915199279785
1708216139.84846,14,0.9274576306343079
1708216450.3714309,15,0.9271186590194702
1708216757.9759266,16,0.9281355738639832
1708217065.9280937,17,0.9281355738639832
1708217372.3354654,18,0.9322034120559692
1708217678.1713889,19,0.9372881650924683
1708217985.3003023,20,0.9379661083221436
1708218292.8093817,21,0.9366101622581482
1708218598.8820083,22,0.9372881650924683
1708218905.2209737,23,0.9366101622581482
1708219212.3831398,24,0.9342373013496399
1708219518.673484,25,0.9369491338729858
1708219824.7259943,26,0.9369491338729858
1708220131.024661,27,0.9359322190284729
1708220433.9135962,28,0.9362711906433105
1708220737.5983987,29,0.9338983297348022
1708221043.6540947,30,0.9352542161941528
1708221350.876982,31,0.9349152445793152
1708221655.5499637,32,0.9349152445793152
1708221961.1003573,33,0.9349152445793152
1708222265.8435185,34,0.9349152445793152
1708222570.5735257,35,0.9352542161941528
1708222874.5133889,36,0.9352542161941528
1708223178.9181366,37,0.9355932474136353
1708223481.8733983,38,0.9352542161941528
1708223785.5064025,39,0.9352542161941528
1708224088.2580862,40,0.9349152445793152
