Wall time,Step,Value
1708112766.7826698,1,0.9037288427352905
1708113083.0229042,2,0.9264406561851501
1708113404.0587366,3,0.9155932068824768
1708113725.4216585,4,0.9159321784973145
1708114046.2682323,5,0.9125423431396484
1708114365.9710321,6,0.8989830613136292
1708114685.5865138,7,0.8942372798919678
1708115004.7149196,8,0.9030508399009705
1708115323.139065,9,0.8962711691856384
1708115642.3953242,10,0.8945762515068054
1708115963.7096138,11,0.9264406561851501
1708116282.8994396,12,0.9244067668914795
1708116601.7297077,13,0.9288135766983032
1708116919.6507916,14,0.9328813552856445
1708117237.6122105,15,0.9315254092216492
1708117554.9784896,16,0.9281355738639832
1708117873.8984966,17,0.9311864376068115
1708118191.3108373,18,0.9342373013496399
1708118509.2899115,19,0.9342373013496399
1708118826.8526247,20,0.9335592985153198
1708119145.786017,21,0.9383050799369812
1708119461.6585371,22,0.9379661083221436
1708119777.0699778,23,0.9376271367073059
1708120094.7725022,24,0.9379661083221436
1708120410.298628,25,0.9376271367073059
1708120726.0873132,26,0.9359322190284729
1708121040.2384865,27,0.9366101622581482
1708121354.547336,28,0.9355932474136353
1708121980.6788633,29,0.9355932474136353
1708122664.1604478,30,0.9359322190284729
1708123348.2315352,31,0.9362711906433105
1708124033.3523932,32,0.9369491338729858
1708124718.1607258,33,0.9376271367073059
1708125400.2814152,34,0.9376271367073059
1708126082.0998356,35,0.9372881650924683
1708126763.5737534,36,0.9376271367073059
1708127443.3976815,37,0.9372881650924683
1708128125.6368415,38,0.9372881650924683
1708128806.1082997,39,0.9369491338729858
1708129485.146805,40,0.9366101622581482
