Wall time,Step,Value
1707862383.7841752,1,0.5792655348777771
1707863043.581197,2,0.5959604382514954
1707863698.5596056,3,0.5793361663818359
1707864360.211043,4,0.5745028257369995
1707865016.180333,5,0.556915283203125
1707865672.8711112,6,0.5705084800720215
1707866326.0334764,7,0.6542429327964783
1707866981.5109813,8,0.5781016945838928
1707867635.4295578,9,0.6264915466308594
1707868292.5457852,10,0.6044774055480957
1707868904.637795,11,0.7116327881813049
1707869424.1016202,12,0.7358869910240173
1707869891.7993436,13,0.7423304915428162
1707870200.1225789,14,0.7371836304664612
1707870503.4449618,15,0.7442259788513184
1707870807.2243183,16,0.7434067726135254
1707871109.457065,17,0.7514886856079102
1707871411.408787,18,0.7411214709281921
1707871713.1602938,19,0.7473361492156982
1707872014.7627769,20,0.7476723194122314
1707872316.929571,21,0.7631073594093323
1707872619.584935,22,0.7653474807739258
1707872921.4130483,23,0.76670902967453
1707873223.8785472,24,0.7677316665649414
1707873524.9883819,25,0.7710875868797302
1707873825.60139,26,0.7724096179008484
1707874127.7126215,27,0.773401141166687
1707874429.1156588,28,0.7705423831939697
1707874730.7637744,29,0.7747740149497986
1707875032.8914833,30,0.7743502855300903
1707875334.4765859,31,0.7770480513572693
1707875636.8548424,32,0.7755790948867798
1707875938.5332847,33,0.7755875587463379
1707876241.7398982,34,0.7753050923347473
1707876545.1083224,35,0.7757881283760071
1707876846.9732146,36,0.7757457494735718
1707877149.5765297,37,0.7754660844802856
1707877451.4416924,38,0.7757570743560791
1707877754.433182,39,0.7758841514587402
1707878056.3714688,40,0.7755282521247864
