Wall time,Step,Value
1711216630.5044131,1,0.8786440491676331
1711217141.1110334,2,0.8837288022041321
1711217644.5076435,3,0.9077966213226318
1711218160.3336837,4,0.9081355929374695
1711218647.3352332,5,0.8999999761581421
1711219111.5899117,6,0.9067796468734741
1711219573.4216099,7,0.8820338845252991
1711220036.1715767,8,0.9067796468734741
1711220497.8016067,9,0.9094915390014648
1711220959.257574,10,0.9115254282951355
1711221418.305594,11,0.9183050990104675
1711221878.3451676,12,0.9250847697257996
1711222339.3352532,13,0.9186440706253052
1711222798.850117,14,0.9210169315338135
1711223260.0903192,15,0.9216949343681335
1711223717.886217,16,0.9284746050834656
1711224176.6479847,17,0.9237288236618042
1711224634.9313548,18,0.9210169315338135
1711225089.698581,19,0.9227118492126465
1711225543.7667313,20,0.9257627129554749
1711225997.3495615,21,0.9240677952766418
1711226450.5532749,22,0.9240677952766418
1711226901.2693083,23,0.9254237413406372
1711227355.1434808,24,0.9250847697257996
1711227808.9144235,25,0.9233898520469666
1711228260.7508097,26,0.9244067668914795
1711228715.1514235,27,0.9257627129554749
1711229168.9624658,28,0.9250847697257996
1711229622.1822608,29,0.9230508208274841
1711230076.1248775,30,0.9227118492126465
1711230532.090813,31,0.9227118492126465
1711230986.5706398,32,0.9233898520469666
1711231440.9649246,33,0.9233898520469666
1711231893.3192542,34,0.9237288236618042
1711232452.4292274,35,0.9230508208274841
1711233402.9873357,36,0.9230508208274841
1711234359.792298,37,0.9237288236618042
1711235324.3841863,38,0.9237288236618042
1711236286.4209836,39,0.9240677952766418
1711237245.5348039,40,0.9247457385063171
