Wall time,Step,Value
1710957749.3769498,1,0.8959321975708008
1710958196.4607997,2,0.8979660868644714
1710958649.2540557,3,0.9233898520469666
1710959107.6616023,4,0.9169491529464722
1710959564.9556131,5,0.9023728966712952
1710960019.3507912,6,0.8898305296897888
1710960477.6965685,7,0.9030508399009705
1710960934.65668,8,0.9237288236618042
1710961390.4793193,9,0.9111864566802979
1710961849.089049,10,0.9257627129554749
1710962307.169998,11,0.9315254092216492
1710962764.5296583,12,0.9298304915428162
1710963222.933249,13,0.9322034120559692
1710963681.3386965,14,0.9355932474136353
1710964135.9740026,15,0.9345762729644775
1710964592.091235,16,0.9345762729644775
1710965046.4554517,17,0.9325423836708069
1710965501.9108772,18,0.9379661083221436
1710965954.682278,19,0.9362711906433105
1710966409.9499216,20,0.9332203269004822
1710966861.547418,21,0.9352542161941528
1710967313.450964,22,0.9355932474136353
1710967765.4530804,23,0.9359322190284729
1710968217.2815306,24,0.9352542161941528
1710968667.4851542,25,0.9359322190284729
1710969116.433184,26,0.9366101622581482
1710969568.42239,27,0.9349152445793152
1710970018.9688957,28,0.9359322190284729
1710970469.8881052,29,0.9359322190284729
1710970921.7313178,30,0.9349152445793152
1710971371.946829,31,0.9349152445793152
1710971822.3566406,32,0.9352542161941528
1710972272.0738068,33,0.9355932474136353
1710972721.6124635,34,0.9355932474136353
1710973169.0297015,35,0.9359322190284729
1710973835.0107594,36,0.9355932474136353
1710974785.524361,37,0.9355932474136353
1710975731.817919,38,0.9359322190284729
1710976681.1266963,39,0.9355932474136353
1710977620.3997817,40,0.9359322190284729
