Wall time,Step,Value
1710869843.047646,1,0.8935593366622925
1710870319.5922897,2,0.8999999761581421
1710870787.0043108,3,0.9183050990104675
1710871269.7495794,4,0.8962711691856384
1710871748.0730026,5,0.9216949343681335
1710872212.5279458,6,0.8789830803871155
1710872674.5981398,7,0.9159321784973145
1710873135.6294544,8,0.8867796659469604
1710873598.0091233,9,0.9176270961761475
1710874052.065634,10,0.9203389883041382
1710874502.8904848,11,0.9311864376068115
1710874956.2135057,12,0.9305084943771362
1710875410.235208,13,0.9349152445793152
1710875864.4653137,14,0.9335592985153198
1710876316.0310254,15,0.9322034120559692
1710876768.7938871,16,0.9308474659919739
1710877222.2201033,17,0.9318643808364868
1710877674.3996065,18,0.9342373013496399
1710878130.0480125,19,0.9338983297348022
1710878585.337079,20,0.9369491338729858
1710879038.7097218,21,0.9349152445793152
1710879491.6449423,22,0.9359322190284729
1710879946.7691429,23,0.9355932474136353
1710880399.5596793,24,0.9352542161941528
1710880851.2177052,25,0.9349152445793152
1710881301.2648296,26,0.9359322190284729
1710881754.2478108,27,0.9352542161941528
1710882208.6668553,28,0.9366101622581482
1710882662.0956936,29,0.9349152445793152
1710883112.870406,30,0.9359322190284729
1710883566.0061643,31,0.9359322190284729
1710884021.2018788,32,0.9359322190284729
1710884471.7459595,33,0.9352542161941528
1710884925.9240112,34,0.9345762729644775
1710885378.7001798,35,0.9345762729644775
1710885830.4630475,36,0.9352542161941528
1710886281.4796953,37,0.9355932474136353
1710886733.268666,38,0.9359322190284729
1710887182.2245564,39,0.9359322190284729
1710887636.6874459,40,0.9359322190284729
