Wall time,Step,Value
1710974445.6652286,1,0.8925423622131348
1710975394.127135,2,0.9105084538459778
1710976344.7379534,3,0.8989830613136292
1710977280.003516,4,0.9016948938369751
1710978031.8844104,5,0.8901695013046265
1710978773.9533193,6,0.9054237008094788
1710979241.4112933,7,0.9050847291946411
1710979686.4796073,8,0.9067796468734741
1710980131.8010018,9,0.8993220329284668
1710980577.2513082,10,0.9159321784973145
1710981022.874634,11,0.9274576306343079
1710981468.6475878,12,0.9301694631576538
1710981912.8431273,13,0.9311864376068115
1710982358.8886955,14,0.9335592985153198
1710982803.692367,15,0.9342373013496399
1710983251.9087067,16,0.9328813552856445
1710983696.5187175,17,0.9332203269004822
1710984141.286641,18,0.9345762729644775
1710984585.1833272,19,0.9305084943771362
1710985030.8113606,20,0.9291525483131409
1710985475.463406,21,0.9301694631576538
1710985919.5345664,22,0.9315254092216492
1710986361.6509714,23,0.9322034120559692
1710986805.0915785,24,0.9315254092216492
1710987247.7760446,25,0.9322034120559692
1710987690.6227448,26,0.9325423836708069
1710988134.053645,27,0.9322034120559692
1710988577.3863585,28,0.9315254092216492
1710989022.8590257,29,0.9335592985153198
1710989464.8674402,30,0.9325423836708069
1710989906.7722383,31,0.9325423836708069
1710990351.2785544,32,0.9322034120559692
1710990794.5683584,33,0.9325423836708069
1710991238.1907,34,0.9325423836708069
1710991681.3476927,35,0.9325423836708069
1710992124.300592,36,0.9325423836708069
1710992565.7591774,37,0.9325423836708069
1710993009.0071979,38,0.9325423836708069
1710993452.924274,39,0.9325423836708069
1710993897.8226697,40,0.9322034120559692
