Wall time,Step,Value
1711403570.3951287,1,0.7429576516151428
1711404573.2133973,2,0.7243163585662842
1711405570.3406487,3,0.7426130175590515
1711406565.4859605,4,0.7639689445495605
1711407562.2143035,5,0.7502486109733582
1711408417.7882988,6,0.7464717626571655
1711409225.2029374,7,0.7482373118400574
1711409727.0648787,8,0.7701327800750732
1711410191.8701458,9,0.7372288107872009
1711410655.5782065,10,0.7310763001441956
1711411120.1833916,11,0.7761186361312866
1711411584.503863,12,0.7869886755943298
1711412047.8027003,13,0.7879180908203125
1711412509.2801046,14,0.7923870086669922
1711412970.4681597,15,0.7931666374206543
1711413432.4185276,16,0.7957711815834045
1711413893.605676,17,0.7892118692398071
1711414355.5674558,18,0.7864152789115906
1711414814.1191783,19,0.7957570552825928
1711415276.8838732,20,0.7966836094856262
1711415737.0546591,21,0.7978417873382568
1711416195.7665396,22,0.7970790863037109
1711416654.9835806,23,0.7985339164733887
1711417114.7067266,24,0.7981271147727966
1711417573.9546256,25,0.7992514371871948
1711418030.490614,26,0.7994632720947266
1711418488.866139,27,0.7997796535491943
1711418945.7703564,28,0.8000479936599731
1711419402.7903388,29,0.7994434833526611
1711419860.1860301,30,0.7987288236618042
1711420319.1792855,31,0.7990084886550903
1711420778.478109,32,0.7992090582847595
1711421237.0113158,33,0.7992090582847595
1711421694.547069,34,0.7994491457939148
1711422150.3100631,35,0.7993926405906677
1711422608.7386231,36,0.798774003982544
1711423068.596368,37,0.7990875840187073
1711423528.1406865,38,0.7993502616882324
1711423989.4409387,39,0.7989491820335388
1711424450.5906885,40,0.7991836071014404
