Wall time,Step,Value
1711579297.6209648,1,0.7442061901092529
1711580222.7384226,2,0.7781695127487183
1711581145.405767,3,0.7612655162811279
1711581991.603857,4,0.7695197463035583
1711582745.890396,5,0.7694886922836304
1711583264.2844388,6,0.7686017155647278
1711583705.9452732,7,0.7706073522567749
1711584150.011223,8,0.7793728709220886
1711584590.1892204,9,0.7708163857460022
1711585031.0423217,10,0.7760310769081116
1711585471.4041824,11,0.80525141954422
1711585911.7356858,12,0.8087118864059448
1711586353.8871543,13,0.8097485899925232
1711586791.5886228,14,0.8091949224472046
1711587230.890039,15,0.8144632577896118
1711587671.655675,16,0.8111186623573303
1711588112.7815387,17,0.8105310797691345
1711588554.247586,18,0.8113051056861877
1711588995.8497891,19,0.8118926286697388
1711589436.5222123,20,0.8113672137260437
1711589878.7301116,21,0.8102118372917175
1711590320.0344768,22,0.8113361597061157
1711590761.3025548,23,0.811514139175415
1711591201.725283,24,0.8112965822219849
1711591640.2279975,25,0.8123304843902588
1711592081.0481186,26,0.8125593066215515
1711592521.343062,27,0.8111977577209473
1711592960.092358,28,0.8122203350067139
1711593400.0705948,29,0.8132118582725525
1711593838.8484619,30,0.8128728866577148
1711594280.2383134,31,0.8131271004676819
1711594721.532319,32,0.8128418326377869
1711595163.3908198,33,0.8133813738822937
1711595603.3370352,34,0.813590407371521
1711596043.164319,35,0.8135678172111511
1711596481.3169246,36,0.8136864304542542
1711596920.6905394,37,0.8132316470146179
1711597362.6146789,38,0.8137146830558777
1711597803.1304195,39,0.8137739896774292
1711598242.7743301,40,0.8137005567550659
